-- phpMyAdmin SQL Dump
-- version 5.2.1
-- https://www.phpmyadmin.net/
--
-- Host: 127.0.0.1
-- Generation Time: Apr 24, 2024 at 10:27 AM
-- Server version: 10.4.32-MariaDB
-- PHP Version: 8.2.12

SET SQL_MODE = "NO_AUTO_VALUE_ON_ZERO";
START TRANSACTION;
SET time_zone = "+00:00";


/*!40101 SET @OLD_CHARACTER_SET_CLIENT=@@CHARACTER_SET_CLIENT */;
/*!40101 SET @OLD_CHARACTER_SET_RESULTS=@@CHARACTER_SET_RESULTS */;
/*!40101 SET @OLD_COLLATION_CONNECTION=@@COLLATION_CONNECTION */;
/*!40101 SET NAMES utf8mb4 */;

--
-- Database: `ukk_nisa12rpl3`
--

-- --------------------------------------------------------

--
-- Table structure for table `album`
--

CREATE TABLE `album` (
  `album_id` int(11) NOT NULL,
  `nama_album` varchar(255) NOT NULL,
  `deskripsi` text NOT NULL,
  `tanggal_dibuat` date NOT NULL,
  `user_id` int(11) NOT NULL
) ENGINE=InnoDB DEFAULT CHARSET=utf8mb4 COLLATE=utf8mb4_general_ci;

--
-- Dumping data for table `album`
--

INSERT INTO `album` (`album_id`, `nama_album`, `deskripsi`, `tanggal_dibuat`, `user_id`) VALUES
(3, 'Gorgeous ୧⍤⃝💐', 'So gorgeous!!!!!!!', '2024-04-24', 2),
(4, 'P', 'hahaha', '2024-04-24', 21);

-- --------------------------------------------------------

--
-- Table structure for table `foto`
--

CREATE TABLE `foto` (
  `foto_id` int(11) NOT NULL,
  `judul_foto` varchar(255) NOT NULL,
  `deskripsi_foto` text NOT NULL,
  `tanggal_unggah` date NOT NULL,
  `lokasi_file` varchar(255) NOT NULL,
  `album_id` int(11) NOT NULL,
  `user_id` int(11) NOT NULL
) ENGINE=InnoDB DEFAULT CHARSET=utf8mb4 COLLATE=utf8mb4_general_ci;

--
-- Dumping data for table `foto`
--

INSERT INTO `foto` (`foto_id`, `judul_foto`, `deskripsi_foto`, `tanggal_unggah`, `lokasi_file`, `album_id`, `user_id`) VALUES
(4, 'Pemandangan', 'Sangat Indah', '2024-04-24', '1398336924-Stock (19).jpg', 3, 2),
(6, 'family', '123', '2024-04-24', '826025874-Stock (17).jpg', 4, 21);

-- --------------------------------------------------------

--
-- Table structure for table `komentar_foto`
--

CREATE TABLE `komentar_foto` (
  `komentar_id` int(11) NOT NULL,
  `foto_id` int(11) NOT NULL,
  `user_id` int(11) NOT NULL,
  `isi_komentar` text NOT NULL,
  `tanggal_komentar` date NOT NULL
) ENGINE=InnoDB DEFAULT CHARSET=utf8mb4 COLLATE=utf8mb4_general_ci;

--
-- Dumping data for table `komentar_foto`
--

INSERT INTO `komentar_foto` (`komentar_id`, `foto_id`, `user_id`, `isi_komentar`, `tanggal_komentar`) VALUES
(3, 4, 20, 'hiii', '2024-04-24'),
(4, 6, 21, 'hiii', '2024-04-24'),
(5, 4, 21, 'hiii', '2024-04-24');

-- --------------------------------------------------------

--
-- Table structure for table `like_foto`
--

CREATE TABLE `like_foto` (
  `like_id` int(11) NOT NULL,
  `foto_id` int(11) NOT NULL,
  `user_id` int(11) NOT NULL,
  `tanggal_like` date NOT NULL
) ENGINE=InnoDB DEFAULT CHARSET=utf8mb4 COLLATE=utf8mb4_general_ci;

--
-- Dumping data for table `like_foto`
--

INSERT INTO `like_foto` (`like_id`, `foto_id`, `user_id`, `tanggal_like`) VALUES
(19, 4, 20, '2024-04-24'),
(20, 6, 21, '2024-04-24');

-- --------------------------------------------------------

--
-- Table structure for table `user`
--

CREATE TABLE `user` (
  `user_id` int(11) NOT NULL,
  `username` varchar(255) NOT NULL,
  `password` varchar(255) NOT NULL,
  `email` varchar(255) NOT NULL,
  `nama_lengkap` varchar(255) NOT NULL,
  `alamat` text NOT NULL
) ENGINE=InnoDB DEFAULT CHARSET=utf8mb4 COLLATE=utf8mb4_general_ci;

--
-- Dumping data for table `user`
--

INSERT INTO `user` (`user_id`, `username`, `password`, `email`, `nama_lengkap`, `alamat`) VALUES
(2, 'nisa', '202cb962ac59075b964b07152d234b70', 'nisa@gmail.com', 'nisa', 'Majalengka'),
(20, 'Anonymous', '', '', 'Anonymous', ''),
(21, 'aa', '202cb962ac59075b964b07152d234b70', 'admin@gmail.com', 'aa', 'Majalengka');

--
-- Indexes for dumped tables
--

--
-- Indexes for table `album`
--
ALTER TABLE `album`
  ADD PRIMARY KEY (`album_id`),
  ADD KEY `user_id` (`user_id`);

--
-- Indexes for table `foto`
--
ALTER TABLE `foto`
  ADD PRIMARY KEY (`foto_id`),
  ADD KEY `album_id` (`album_id`,`user_id`),
  ADD KEY `user_id` (`user_id`);

--
-- Indexes for table `komentar_foto`
--
ALTER TABLE `komentar_foto`
  ADD PRIMARY KEY (`komentar_id`),
  ADD KEY `foto_id` (`foto_id`,`user_id`),
  ADD KEY `user_id` (`user_id`);

--
-- Indexes for table `like_foto`
--
ALTER TABLE `like_foto`
  ADD PRIMARY KEY (`like_id`),
  ADD KEY `foto_id` (`foto_id`,`user_id`),
  ADD KEY `user_id` (`user_id`);

--
-- Indexes for table `user`
--
ALTER TABLE `user`
  ADD PRIMARY KEY (`user_id`);

--
-- AUTO_INCREMENT for dumped tables
--

--
-- AUTO_INCREMENT for table `album`
--
ALTER TABLE `album`
  MODIFY `album_id` int(11) NOT NULL AUTO_INCREMENT, AUTO_INCREMENT=5;

--
-- AUTO_INCREMENT for table `foto`
--
ALTER TABLE `foto`
  MODIFY `foto_id` int(11) NOT NULL AUTO_INCREMENT, AUTO_INCREMENT=7;

--
-- AUTO_INCREMENT for table `komentar_foto`
--
ALTER TABLE `komentar_foto`
  MODIFY `komentar_id` int(11) NOT NULL AUTO_INCREMENT, AUTO_INCREMENT=6;

--
-- AUTO_INCREMENT for table `like_foto`
--
ALTER TABLE `like_foto`
  MODIFY `like_id` int(11) NOT NULL AUTO_INCREMENT, AUTO_INCREMENT=21;

--
-- AUTO_INCREMENT for table `user`
--
ALTER TABLE `user`
  MODIFY `user_id` int(11) NOT NULL AUTO_INCREMENT, AUTO_INCREMENT=22;

--
-- Constraints for dumped tables
--

--
-- Constraints for table `album`
--
ALTER TABLE `album`
  ADD CONSTRAINT `album_ibfk_1` FOREIGN KEY (`user_id`) REFERENCES `user` (`user_id`) ON DELETE CASCADE ON UPDATE CASCADE;

--
-- Constraints for table `foto`
--
ALTER TABLE `foto`
  ADD CONSTRAINT `foto_ibfk_1` FOREIGN KEY (`album_id`) REFERENCES `album` (`album_id`) ON DELETE CASCADE ON UPDATE CASCADE,
  ADD CONSTRAINT `foto_ibfk_2` FOREIGN KEY (`user_id`) REFERENCES `user` (`user_id`) ON DELETE CASCADE ON UPDATE CASCADE;

--
-- Constraints for table `komentar_foto`
--
ALTER TABLE `komentar_foto`
  ADD CONSTRAINT `komentar_foto_ibfk_1` FOREIGN KEY (`foto_id`) REFERENCES `foto` (`foto_id`) ON DELETE CASCADE ON UPDATE CASCADE,
  ADD CONSTRAINT `komentar_foto_ibfk_2` FOREIGN KEY (`user_id`) REFERENCES `user` (`user_id`) ON DELETE CASCADE ON UPDATE CASCADE;

--
-- Constraints for table `like_foto`
--
ALTER TABLE `like_foto`
  ADD CONSTRAINT `like_foto_ibfk_1` FOREIGN KEY (`foto_id`) REFERENCES `foto` (`foto_id`) ON DELETE CASCADE ON UPDATE CASCADE,
  ADD CONSTRAINT `like_foto_ibfk_2` FOREIGN KEY (`user_id`) REFERENCES `user` (`user_id`) ON DELETE CASCADE ON UPDATE CASCADE;
COMMIT;

/*!40101 SET CHARACTER_SET_CLIENT=@OLD_CHARACTER_SET_CLIENT */;
/*!40101 SET CHARACTER_SET_RESULTS=@OLD_CHARACTER_SET_RESULTS */;
/*!40101 SET COLLATION_CONNECTION=@OLD_COLLATION_CONNECTION */;
